dataset_version,record_id,record_type,source,product_id,acquisition_date,aoi_name,crs,resolution_meters,relative_path,sha256,parent_record_ids,processing_status,created_at_utc
0.1.0,aligned-after-S2A_MSIL2A_20250315T051241_N0511_R019_T44QKE_20250315T113317-B02_10m,aligned_satellite_band,derived_from_raw_satellite_band,S2A_MSIL2A_20250315T051241_N0511_R019_T44QKE_20250315T113317,2025-03-15,Hyderabad Western Growth Corridor,EPSG:32644,10.0,data/processed/aligned/after/B02_10m.tif,343f9d44f07832a709bc170f28dc1c6eda2be2af9712655b0016889805c925fb,raw-after-S2A_MSIL2A_20250315T051241_N0511_R019_T44QKE_20250315T113317-B02_10m,aligned_10m,2026-07-16T05:29:21.961164+00:00
0.1.0,aligned-after-S2A_MSIL2A_20250315T051241_N0511_R019_T44QKE_20250315T113317-B03_10m,aligned_satellite_band,derived_from_raw_satellite_band,S2A_MSIL2A_20250315T051241_N0511_R019_T44QKE_20250315T113317,2025-03-15,Hyderabad Western Growth Corridor,EPSG:32644,10.0,data/processed/aligned/after/B03_10m.tif,cca249da5f14280ccad6a3fe4230e3224e55ed7083cedb2f15d72360eeba8045,raw-after-S2A_MSIL2A_20250315T051241_N0511_R019_T44QKE_20250315T113317-B03_10m,aligned_10m,2026-07-16T05:29:21.961164+00:00
0.1.0,aligned-after-S2A_MSIL2A_20250315T051241_N0511_R019_T44QKE_20250315T113317-B04_10m,aligned_satellite_band,derived_from_raw_satellite_band,S2A_MSIL2A_20250315T051241_N0511_R019_T44QKE_20250315T113317,2025-03-15,Hyderabad Western Growth Corridor,EPSG:32644,10.0,data/processed/aligned/after/B04_10m.tif,8ea479864f560893d9c98983da3e0bac0353ebdfe3cf65ebb1d4b3c2939fe822,raw-after-S2A_MSIL2A_20250315T051241_N0511_R019_T44QKE_20250315T113317-B04_10m,aligned_10m,2026-07-16T05:29:21.961164+00:00
0.1.0,aligned-after-S2A_MSIL2A_20250315T051241_N0511_R019_T44QKE_20250315T113317-B08_10m,aligned_satellite_band,derived_from_raw_satellite_band,S2A_MSIL2A_20250315T051241_N0511_R019_T44QKE_20250315T113317,2025-03-15,Hyderabad Western Growth Corridor,EPSG:32644,10.0,data/processed/aligned/after/B08_10m.tif,e879f2b4a0578ffbed0486fb346c4d78ebc2c4ac4c6e87ddbbd2f9d719355fac,raw-after-S2A_MSIL2A_20250315T051241_N0511_R019_T44QKE_20250315T113317-B08_10m,aligned_10m,2026-07-16T05:29:21.961164+00:00
0.1.0,aligned-after-S2A_MSIL2A_20250315T051241_N0511_R019_T44QKE_20250315T113317-B11_20m,aligned_satellite_band,derived_from_raw_satellite_band,S2A_MSIL2A_20250315T051241_N0511_R019_T44QKE_20250315T113317,2025-03-15,Hyderabad Western Growth Corridor,EPSG:32644,10.0,data/processed/aligned/after/B11_20m.tif,ee523278675151f84025496513e7dca895ed3c97ad54e2f96361a6e38aba03cc,raw-after-S2A_MSIL2A_20250315T051241_N0511_R019_T44QKE_20250315T113317-B11_20m,aligned_10m,2026-07-16T05:29:21.961164+00:00
0.1.0,aligned-after-S2A_MSIL2A_20250315T051241_N0511_R019_T44QKE_20250315T113317-B12_20m,aligned_satellite_band,derived_from_raw_satellite_band,S2A_MSIL2A_20250315T051241_N0511_R019_T44QKE_20250315T113317,2025-03-15,Hyderabad Western Growth Corridor,EPSG:32644,10.0,data/processed/aligned/after/B12_20m.tif,5cadbd1d568ff5aa49de2d7a9da72bd46a44cb6c857d8a863b9608763acb064e,raw-after-S2A_MSIL2A_20250315T051241_N0511_R019_T44QKE_20250315T113317-B12_20m,aligned_10m,2026-07-16T05:29:21.961164+00:00
0.1.0,aligned-after-S2A_MSIL2A_20250315T051241_N0511_R019_T44QKE_20250315T113317-SCL_20m,aligned_satellite_band,derived_from_raw_satellite_band,S2A_MSIL2A_20250315T051241_N0511_R019_T44QKE_20250315T113317,2025-03-15,Hyderabad Western Growth Corridor,EPSG:32644,10.0,data/processed/aligned/after/SCL_20m.tif,223dc626e543e6c867610586eb8a4eca6fff9cdd4b6c61e5b1624c4d4f79c32e,raw-after-S2A_MSIL2A_20250315T051241_N0511_R019_T44QKE_20250315T113317-SCL_20m,aligned_10m,2026-07-16T05:29:21.961164+00:00
0.1.0,aligned-before-S2A_MSIL2A_20210314T050651_N0500_R019_T44QKE_20230528T183433-B02_10m,aligned_satellite_band,derived_from_raw_satellite_band,S2A_MSIL2A_20210314T050651_N0500_R019_T44QKE_20230528T183433,2021-03-14,Hyderabad Western Growth Corridor,EPSG:32644,10.0,data/processed/aligned/before/B02_10m.tif,a01b845218f24d4b146b6689a038db9e83c2ef1c3a82da53a28034f6aca84170,raw-before-S2A_MSIL2A_20210314T050651_N0500_R019_T44QKE_20230528T183433-B02_10m,aligned_10m,2026-07-16T05:29:21.961164+00:00
0.1.0,aligned-before-S2A_MSIL2A_20210314T050651_N0500_R019_T44QKE_20230528T183433-B03_10m,aligned_satellite_band,derived_from_raw_satellite_band,S2A_MSIL2A_20210314T050651_N0500_R019_T44QKE_20230528T183433,2021-03-14,Hyderabad Western Growth Corridor,EPSG:32644,10.0,data/processed/aligned/before/B03_10m.tif,ea6e1807acdfbde5efc4eb731ed1618ed9ac34ed06c100ee656425f68c6108e2,raw-before-S2A_MSIL2A_20210314T050651_N0500_R019_T44QKE_20230528T183433-B03_10m,aligned_10m,2026-07-16T05:29:21.961164+00:00
0.1.0,aligned-before-S2A_MSIL2A_20210314T050651_N0500_R019_T44QKE_20230528T183433-B04_10m,aligned_satellite_band,derived_from_raw_satellite_band,S2A_MSIL2A_20210314T050651_N0500_R019_T44QKE_20230528T183433,2021-03-14,Hyderabad Western Growth Corridor,EPSG:32644,10.0,data/processed/aligned/before/B04_10m.tif,8200e144af0cad7a30e6475bdea13c8db9840a2508731f0c9341a8e228a10c8c,raw-before-S2A_MSIL2A_20210314T050651_N0500_R019_T44QKE_20230528T183433-B04_10m,aligned_10m,2026-07-16T05:29:21.961164+00:00
0.1.0,aligned-before-S2A_MSIL2A_20210314T050651_N0500_R019_T44QKE_20230528T183433-B08_10m,aligned_satellite_band,derived_from_raw_satellite_band,S2A_MSIL2A_20210314T050651_N0500_R019_T44QKE_20230528T183433,2021-03-14,Hyderabad Western Growth Corridor,EPSG:32644,10.0,data/processed/aligned/before/B08_10m.tif,014e86d0cd6b51fc70870bfa3cfc9a5784499c375f5285acb22e5c346bbb4c0b,raw-before-S2A_MSIL2A_20210314T050651_N0500_R019_T44QKE_20230528T183433-B08_10m,aligned_10m,2026-07-16T05:29:21.961164+00:00
0.1.0,aligned-before-S2A_MSIL2A_20210314T050651_N0500_R019_T44QKE_20230528T183433-B11_20m,aligned_satellite_band,derived_from_raw_satellite_band,S2A_MSIL2A_20210314T050651_N0500_R019_T44QKE_20230528T183433,2021-03-14,Hyderabad Western Growth Corridor,EPSG:32644,10.0,data/processed/aligned/before/B11_20m.tif,cf78cccda8f892d06d362d474b77ee3831d79246c19efb56dddf27e4590037cd,raw-before-S2A_MSIL2A_20210314T050651_N0500_R019_T44QKE_20230528T183433-B11_20m,aligned_10m,2026-07-16T05:29:21.961164+00:00
0.1.0,aligned-before-S2A_MSIL2A_20210314T050651_N0500_R019_T44QKE_20230528T183433-B12_20m,aligned_satellite_band,derived_from_raw_satellite_band,S2A_MSIL2A_20210314T050651_N0500_R019_T44QKE_20230528T183433,2021-03-14,Hyderabad Western Growth Corridor,EPSG:32644,10.0,data/processed/aligned/before/B12_20m.tif,00df53ddb6699619371864fcdc22cf1e9bb9bcb74d2aca318335ef0d04378f4e,raw-before-S2A_MSIL2A_20210314T050651_N0500_R019_T44QKE_20230528T183433-B12_20m,aligned_10m,2026-07-16T05:29:21.961164+00:00
0.1.0,aligned-before-S2A_MSIL2A_20210314T050651_N0500_R019_T44QKE_20230528T183433-SCL_20m,aligned_satellite_band,derived_from_raw_satellite_band,S2A_MSIL2A_20210314T050651_N0500_R019_T44QKE_20230528T183433,2021-03-14,Hyderabad Western Growth Corridor,EPSG:32644,10.0,data/processed/aligned/before/SCL_20m.tif,409df1db369aedc155dd40d3eb00003c062ec5c4ee32c0f47cef14f8431803c7,raw-before-S2A_MSIL2A_20210314T050651_N0500_R019_T44QKE_20230528T183433-SCL_20m,aligned_10m,2026-07-16T05:29:21.961164+00:00
0.1.0,patch-GW_R000_C000-after,multiband_satellite_patch,derived_from_aligned_satellite_bands,S2A_MSIL2A_20250315T051241_N0511_R019_T44QKE_20250315T113317,2025-03-15,Hyderabad Western Growth Corridor,EPSG:32644,10.0,data/processed/patches/after/GW_R000_C000.tif,420584bff688acc330793b7b04917380abf0e825a5a49c6c37f4e0f9ae566b6c,aligned-after-S2A_MSIL2A_20250315T051241_N0511_R019_T44QKE_20250315T113317-B02_10m;aligned-after-S2A_MSIL2A_20250315T051241_N0511_R019_T44QKE_20250315T113317-B03_10m;aligned-after-S2A_MSIL2A_20250315T051241_N0511_R019_T44QKE_20250315T113317-B04_10m;aligned-after-S2A_MSIL2A_20250315T051241_N0511_R019_T44QKE_20250315T113317-B08_10m;aligned-after-S2A_MSIL2A_20250315T051241_N0511_R019_T44QKE_20250315T113317-B11_20m;aligned-after-S2A_MSIL2A_20250315T051241_N0511_R019_T44QKE_20250315T113317-B12_20m,patch_generated,2026-07-16T05:40:11.236187+00:00
0.1.0,patch-GW_R000_C000-before,multiband_satellite_patch,derived_from_aligned_satellite_bands,S2A_MSIL2A_20210314T050651_N0500_R019_T44QKE_20230528T183433,2021-03-14,Hyderabad Western Growth Corridor,EPSG:32644,10.0,data/processed/patches/before/GW_R000_C000.tif,f3c5a250c433f5b6779919defca05038adf7ed9d8d2120392e36f08dfaa9186b,aligned-before-S2A_MSIL2A_20210314T050651_N0500_R019_T44QKE_20230528T183433-B02_10m;aligned-before-S2A_MSIL2A_20210314T050651_N0500_R019_T44QKE_20230528T183433-B03_10m;aligned-before-S2A_MSIL2A_20210314T050651_N0500_R019_T44QKE_20230528T183433-B04_10m;aligned-before-S2A_MSIL2A_20210314T050651_N0500_R019_T44QKE_20230528T183433-B08_10m;aligned-before-S2A_MSIL2A_20210314T050651_N0500_R019_T44QKE_20230528T183433-B11_20m;aligned-before-S2A_MSIL2A_20210314T050651_N0500_R019_T44QKE_20230528T183433-B12_20m,patch_generated,2026-07-16T05:40:11.236187+00:00
0.1.0,patch-GW_R000_C000-pair-mask,patch_valid_mask,derived_from_paired_valid_pixel_mask,before_after_pair,,Hyderabad Western Growth Corridor,EPSG:32644,10.0,data/processed/patches/masks/GW_R000_C000.tif,f3388b156576982fecaeed1363ddfecb4203ac42d75a39a195a09837f0f1ccb4,quality-mask-before-after-pair,patch_mask_generated,2026-07-16T05:40:11.236187+00:00
0.1.0,patch-GW_R000_C001-after,multiband_satellite_patch,derived_from_aligned_satellite_bands,S2A_MSIL2A_20250315T051241_N0511_R019_T44QKE_20250315T113317,2025-03-15,Hyderabad Western Growth Corridor,EPSG:32644,10.0,data/processed/patches/after/GW_R000_C001.tif,4648f655acba94bf7411945483f948c0d25eefaa1cd75ca7a3d14258c9f462e5,aligned-after-S2A_MSIL2A_20250315T051241_N0511_R019_T44QKE_20250315T113317-B02_10m;aligned-after-S2A_MSIL2A_20250315T051241_N0511_R019_T44QKE_20250315T113317-B03_10m;aligned-after-S2A_MSIL2A_20250315T051241_N0511_R019_T44QKE_20250315T113317-B04_10m;aligned-after-S2A_MSIL2A_20250315T051241_N0511_R019_T44QKE_20250315T113317-B08_10m;aligned-after-S2A_MSIL2A_20250315T051241_N0511_R019_T44QKE_20250315T113317-B11_20m;aligned-after-S2A_MSIL2A_20250315T051241_N0511_R019_T44QKE_20250315T113317-B12_20m,patch_generated,2026-07-16T05:40:11.236187+00:00
0.1.0,patch-GW_R000_C001-before,multiband_satellite_patch,derived_from_aligned_satellite_bands,S2A_MSIL2A_20210314T050651_N0500_R019_T44QKE_20230528T183433,2021-03-14,Hyderabad Western Growth Corridor,EPSG:32644,10.0,data/processed/patches/before/GW_R000_C001.tif,ce1d8c3b3e3f18beaa2bcd5ffdbd6fd51246133c8350f1a294f993473b737d0e,aligned-before-S2A_MSIL2A_20210314T050651_N0500_R019_T44QKE_20230528T183433-B02_10m;aligned-before-S2A_MSIL2A_20210314T050651_N0500_R019_T44QKE_20230528T183433-B03_10m;aligned-before-S2A_MSIL2A_20210314T050651_N0500_R019_T44QKE_20230528T183433-B04_10m;aligned-before-S2A_MSIL2A_20210314T050651_N0500_R019_T44QKE_20230528T183433-B08_10m;aligned-before-S2A_MSIL2A_20210314T050651_N0500_R019_T44QKE_20230528T183433-B11_20m;aligned-before-S2A_MSIL2A_20210314T050651_N0500_R019_T44QKE_20230528T183433-B12_20m,patch_generated,2026-07-16T05:40:11.236187+00:00
0.1.0,patch-GW_R000_C001-pair-mask,patch_valid_mask,derived_from_paired_valid_pixel_mask,before_after_pair,,Hyderabad Western Growth Corridor,EPSG:32644,10.0,data/processed/patches/masks/GW_R000_C001.tif,97814337d854abcbb4c41e2bdc8cae894a89deca91dce4691075f4c9c083586f,quality-mask-before-after-pair,patch_mask_generated,2026-07-16T05:40:11.236187+00:00
0.1.0,patch-GW_R000_C002-after,multiband_satellite_patch,derived_from_aligned_satellite_bands,S2A_MSIL2A_20250315T051241_N0511_R019_T44QKE_20250315T113317,2025-03-15,Hyderabad Western Growth Corridor,EPSG:32644,10.0,data/processed/patches/after/GW_R000_C002.tif,9290d6d18a53b32cb8c10d7f9f6c815746649e4b97e1df228f21f273e671f5ec,aligned-after-S2A_MSIL2A_20250315T051241_N0511_R019_T44QKE_20250315T113317-B02_10m;aligned-after-S2A_MSIL2A_20250315T051241_N0511_R019_T44QKE_20250315T113317-B03_10m;aligned-after-S2A_MSIL2A_20250315T051241_N0511_R019_T44QKE_20250315T113317-B04_10m;aligned-after-S2A_MSIL2A_20250315T051241_N0511_R019_T44QKE_20250315T113317-B08_10m;aligned-after-S2A_MSIL2A_20250315T051241_N0511_R019_T44QKE_20250315T113317-B11_20m;aligned-after-S2A_MSIL2A_20250315T051241_N0511_R019_T44QKE_20250315T113317-B12_20m,patch_generated,2026-07-16T05:40:11.236187+00:00
0.1.0,patch-GW_R000_C002-before,multiband_satellite_patch,derived_from_aligned_satellite_bands,S2A_MSIL2A_20210314T050651_N0500_R019_T44QKE_20230528T183433,2021-03-14,Hyderabad Western Growth Corridor,EPSG:32644,10.0,data/processed/patches/before/GW_R000_C002.tif,69425486073cfbb8c5188c487eac17483254ee88d569304faffb68bb105cca6c,aligned-before-S2A_MSIL2A_20210314T050651_N0500_R019_T44QKE_20230528T183433-B02_10m;aligned-before-S2A_MSIL2A_20210314T050651_N0500_R019_T44QKE_20230528T183433-B03_10m;aligned-before-S2A_MSIL2A_20210314T050651_N0500_R019_T44QKE_20230528T183433-B04_10m;aligned-before-S2A_MSIL2A_20210314T050651_N0500_R019_T44QKE_20230528T183433-B08_10m;aligned-before-S2A_MSIL2A_20210314T050651_N0500_R019_T44QKE_20230528T183433-B11_20m;aligned-before-S2A_MSIL2A_20210314T050651_N0500_R019_T44QKE_20230528T183433-B12_20m,patch_generated,2026-07-16T05:40:11.236187+00:00
0.1.0,patch-GW_R000_C002-pair-mask,patch_valid_mask,derived_from_paired_valid_pixel_mask,before_after_pair,,Hyderabad Western Growth Corridor,EPSG:32644,10.0,data/processed/patches/masks/GW_R000_C002.tif,7231e06e8618ce35e10a5b49b2799c5a9e509f4d2f8e1f5ad9f7f7734c0423a5,quality-mask-before-after-pair,patch_mask_generated,2026-07-16T05:40:11.236187+00:00
0.1.0,patch-GW_R000_C003-after,multiband_satellite_patch,derived_from_aligned_satellite_bands,S2A_MSIL2A_20250315T051241_N0511_R019_T44QKE_20250315T113317,2025-03-15,Hyderabad Western Growth Corridor,EPSG:32644,10.0,data/processed/patches/after/GW_R000_C003.tif,55400c6c53da30b4349cbb81743d6ed8b0bf5417ad81f6babfe89bfb4dc7cb5f,aligned-after-S2A_MSIL2A_20250315T051241_N0511_R019_T44QKE_20250315T113317-B02_10m;aligned-after-S2A_MSIL2A_20250315T051241_N0511_R019_T44QKE_20250315T113317-B03_10m;aligned-after-S2A_MSIL2A_20250315T051241_N0511_R019_T44QKE_20250315T113317-B04_10m;aligned-after-S2A_MSIL2A_20250315T051241_N0511_R019_T44QKE_20250315T113317-B08_10m;aligned-after-S2A_MSIL2A_20250315T051241_N0511_R019_T44QKE_20250315T113317-B11_20m;aligned-after-S2A_MSIL2A_20250315T051241_N0511_R019_T44QKE_20250315T113317-B12_20m,patch_generated,2026-07-16T05:40:11.236187+00:00
0.1.0,patch-GW_R000_C003-before,multiband_satellite_patch,derived_from_aligned_satellite_bands,S2A_MSIL2A_20210314T050651_N0500_R019_T44QKE_20230528T183433,2021-03-14,Hyderabad Western Growth Corridor,EPSG:32644,10.0,data/processed/patches/before/GW_R000_C003.tif,7d3a7416192811cf4e4565ddd4b3d41ecc7a888095b40f113cce347be8d3b287,aligned-before-S2A_MSIL2A_20210314T050651_N0500_R019_T44QKE_20230528T183433-B02_10m;aligned-before-S2A_MSIL2A_20210314T050651_N0500_R019_T44QKE_20230528T183433-B03_10m;aligned-before-S2A_MSIL2A_20210314T050651_N0500_R019_T44QKE_20230528T183433-B04_10m;aligned-before-S2A_MSIL2A_20210314T050651_N0500_R019_T44QKE_20230528T183433-B08_10m;aligned-before-S2A_MSIL2A_20210314T050651_N0500_R019_T44QKE_20230528T183433-B11_20m;aligned-before-S2A_MSIL2A_20210314T050651_N0500_R019_T44QKE_20230528T183433-B12_20m,patch_generated,2026-07-16T05:40:11.236187+00:00
0.1.0,patch-GW_R000_C003-pair-mask,patch_valid_mask,derived_from_paired_valid_pixel_mask,before_after_pair,,Hyderabad Western Growth Corridor,EPSG:32644,10.0,data/processed/patches/masks/GW_R000_C003.tif,62acf3cd81a153469d5f7cf4eaff95c7f49f2f7d158f09074ac62b03ac7287ef,quality-mask-before-after-pair,patch_mask_generated,2026-07-16T05:40:11.236187+00:00
0.1.0,patch-GW_R000_C004-after,multiband_satellite_patch,derived_from_aligned_satellite_bands,S2A_MSIL2A_20250315T051241_N0511_R019_T44QKE_20250315T113317,2025-03-15,Hyderabad Western Growth Corridor,EPSG:32644,10.0,data/processed/patches/after/GW_R000_C004.tif,935561759208b7d9d2c3f7dd081761535d86b8493cacb3c9d7300d4de1b6eda7,aligned-after-S2A_MSIL2A_20250315T051241_N0511_R019_T44QKE_20250315T113317-B02_10m;aligned-after-S2A_MSIL2A_20250315T051241_N0511_R019_T44QKE_20250315T113317-B03_10m;aligned-after-S2A_MSIL2A_20250315T051241_N0511_R019_T44QKE_20250315T113317-B04_10m;aligned-after-S2A_MSIL2A_20250315T051241_N0511_R019_T44QKE_20250315T113317-B08_10m;aligned-after-S2A_MSIL2A_20250315T051241_N0511_R019_T44QKE_20250315T113317-B11_20m;aligned-after-S2A_MSIL2A_20250315T051241_N0511_R019_T44QKE_20250315T113317-B12_20m,patch_generated,2026-07-16T05:40:11.236187+00:00
0.1.0,patch-GW_R000_C004-before,multiband_satellite_patch,derived_from_aligned_satellite_bands,S2A_MSIL2A_20210314T050651_N0500_R019_T44QKE_20230528T183433,2021-03-14,Hyderabad Western Growth Corridor,EPSG:32644,10.0,data/processed/patches/before/GW_R000_C004.tif,5e09b374f05c6ad11d8d0612d61a2829037859009201a453ac93ddfc63ffdcd4,aligned-before-S2A_MSIL2A_20210314T050651_N0500_R019_T44QKE_20230528T183433-B02_10m;aligned-before-S2A_MSIL2A_20210314T050651_N0500_R019_T44QKE_20230528T183433-B03_10m;aligned-before-S2A_MSIL2A_20210314T050651_N0500_R019_T44QKE_20230528T183433-B04_10m;aligned-before-S2A_MSIL2A_20210314T050651_N0500_R019_T44QKE_20230528T183433-B08_10m;aligned-before-S2A_MSIL2A_20210314T050651_N0500_R019_T44QKE_20230528T183433-B11_20m;aligned-before-S2A_MSIL2A_20210314T050651_N0500_R019_T44QKE_20230528T183433-B12_20m,patch_generated,2026-07-16T05:40:11.236187+00:00
0.1.0,patch-GW_R000_C004-pair-mask,patch_valid_mask,derived_from_paired_valid_pixel_mask,before_after_pair,,Hyderabad Western Growth Corridor,EPSG:32644,10.0,data/processed/patches/masks/GW_R000_C004.tif,fad16e5fd56f6549848182cac86fb7fa493c89da905f051fed88fef3757d2c27,quality-mask-before-after-pair,patch_mask_generated,2026-07-16T05:40:11.236187+00:00
0.1.0,patch-GW_R001_C000-after,multiband_satellite_patch,derived_from_aligned_satellite_bands,S2A_MSIL2A_20250315T051241_N0511_R019_T44QKE_20250315T113317,2025-03-15,Hyderabad Western Growth Corridor,EPSG:32644,10.0,data/processed/patches/after/GW_R001_C000.tif,f2121a39fabd0335caf82c03a2f513f3a40c6b2ac9784f90993f957651b29048,aligned-after-S2A_MSIL2A_20250315T051241_N0511_R019_T44QKE_20250315T113317-B02_10m;aligned-after-S2A_MSIL2A_20250315T051241_N0511_R019_T44QKE_20250315T113317-B03_10m;aligned-after-S2A_MSIL2A_20250315T051241_N0511_R019_T44QKE_20250315T113317-B04_10m;aligned-after-S2A_MSIL2A_20250315T051241_N0511_R019_T44QKE_20250315T113317-B08_10m;aligned-after-S2A_MSIL2A_20250315T051241_N0511_R019_T44QKE_20250315T113317-B11_20m;aligned-after-S2A_MSIL2A_20250315T051241_N0511_R019_T44QKE_20250315T113317-B12_20m,patch_generated,2026-07-16T05:40:11.236187+00:00
0.1.0,patch-GW_R001_C000-before,multiband_satellite_patch,derived_from_aligned_satellite_bands,S2A_MSIL2A_20210314T050651_N0500_R019_T44QKE_20230528T183433,2021-03-14,Hyderabad Western Growth Corridor,EPSG:32644,10.0,data/processed/patches/before/GW_R001_C000.tif,77a94e31e09eddf63263d0d536d4445fb9549ac64970d2e02219775783aa8551,aligned-before-S2A_MSIL2A_20210314T050651_N0500_R019_T44QKE_20230528T183433-B02_10m;aligned-before-S2A_MSIL2A_20210314T050651_N0500_R019_T44QKE_20230528T183433-B03_10m;aligned-before-S2A_MSIL2A_20210314T050651_N0500_R019_T44QKE_20230528T183433-B04_10m;aligned-before-S2A_MSIL2A_20210314T050651_N0500_R019_T44QKE_20230528T183433-B08_10m;aligned-before-S2A_MSIL2A_20210314T050651_N0500_R019_T44QKE_20230528T183433-B11_20m;aligned-before-S2A_MSIL2A_20210314T050651_N0500_R019_T44QKE_20230528T183433-B12_20m,patch_generated,2026-07-16T05:40:11.236187+00:00
0.1.0,patch-GW_R001_C000-pair-mask,patch_valid_mask,derived_from_paired_valid_pixel_mask,before_after_pair,,Hyderabad Western Growth Corridor,EPSG:32644,10.0,data/processed/patches/masks/GW_R001_C000.tif,eb1de5482a43f00656f3224eeab945f740ab5ab848079bab80f508d66cd2085d,quality-mask-before-after-pair,patch_mask_generated,2026-07-16T05:40:11.236187+00:00
0.1.0,patch-GW_R001_C001-after,multiband_satellite_patch,derived_from_aligned_satellite_bands,S2A_MSIL2A_20250315T051241_N0511_R019_T44QKE_20250315T113317,2025-03-15,Hyderabad Western Growth Corridor,EPSG:32644,10.0,data/processed/patches/after/GW_R001_C001.tif,17107f49ee90ae90c16baaca00cee1d2a5ef98ffab8e1fa29afe8f13c8daae4f,aligned-after-S2A_MSIL2A_20250315T051241_N0511_R019_T44QKE_20250315T113317-B02_10m;aligned-after-S2A_MSIL2A_20250315T051241_N0511_R019_T44QKE_20250315T113317-B03_10m;aligned-after-S2A_MSIL2A_20250315T051241_N0511_R019_T44QKE_20250315T113317-B04_10m;aligned-after-S2A_MSIL2A_20250315T051241_N0511_R019_T44QKE_20250315T113317-B08_10m;aligned-after-S2A_MSIL2A_20250315T051241_N0511_R019_T44QKE_20250315T113317-B11_20m;aligned-after-S2A_MSIL2A_20250315T051241_N0511_R019_T44QKE_20250315T113317-B12_20m,patch_generated,2026-07-16T05:40:11.236187+00:00
0.1.0,patch-GW_R001_C001-before,multiband_satellite_patch,derived_from_aligned_satellite_bands,S2A_MSIL2A_20210314T050651_N0500_R019_T44QKE_20230528T183433,2021-03-14,Hyderabad Western Growth Corridor,EPSG:32644,10.0,data/processed/patches/before/GW_R001_C001.tif,4f289f05234f7c2a9cd7043aaa5bf7b8e17c7c352557264c430e1d9680786263,aligned-before-S2A_MSIL2A_20210314T050651_N0500_R019_T44QKE_20230528T183433-B02_10m;aligned-before-S2A_MSIL2A_20210314T050651_N0500_R019_T44QKE_20230528T183433-B03_10m;aligned-before-S2A_MSIL2A_20210314T050651_N0500_R019_T44QKE_20230528T183433-B04_10m;aligned-before-S2A_MSIL2A_20210314T050651_N0500_R019_T44QKE_20230528T183433-B08_10m;aligned-before-S2A_MSIL2A_20210314T050651_N0500_R019_T44QKE_20230528T183433-B11_20m;aligned-before-S2A_MSIL2A_20210314T050651_N0500_R019_T44QKE_20230528T183433-B12_20m,patch_generated,2026-07-16T05:40:11.236187+00:00
0.1.0,patch-GW_R001_C001-pair-mask,patch_valid_mask,derived_from_paired_valid_pixel_mask,before_after_pair,,Hyderabad Western Growth Corridor,EPSG:32644,10.0,data/processed/patches/masks/GW_R001_C001.tif,16cd62321f51fa2f0ea82aab2bc35b14b7032d4cdd3e1cc9d880aa96103a5640,quality-mask-before-after-pair,patch_mask_generated,2026-07-16T05:40:11.236187+00:00
0.1.0,patch-GW_R001_C002-after,multiband_satellite_patch,derived_from_aligned_satellite_bands,S2A_MSIL2A_20250315T051241_N0511_R019_T44QKE_20250315T113317,2025-03-15,Hyderabad Western Growth Corridor,EPSG:32644,10.0,data/processed/patches/after/GW_R001_C002.tif,97c18188622161554b93920a7d09ecf3b741a8864bd616d5490c2dab11b2db7c,aligned-after-S2A_MSIL2A_20250315T051241_N0511_R019_T44QKE_20250315T113317-B02_10m;aligned-after-S2A_MSIL2A_20250315T051241_N0511_R019_T44QKE_20250315T113317-B03_10m;aligned-after-S2A_MSIL2A_20250315T051241_N0511_R019_T44QKE_20250315T113317-B04_10m;aligned-after-S2A_MSIL2A_20250315T051241_N0511_R019_T44QKE_20250315T113317-B08_10m;aligned-after-S2A_MSIL2A_20250315T051241_N0511_R019_T44QKE_20250315T113317-B11_20m;aligned-after-S2A_MSIL2A_20250315T051241_N0511_R019_T44QKE_20250315T113317-B12_20m,patch_generated,2026-07-16T05:40:11.236187+00:00
0.1.0,patch-GW_R001_C002-before,multiband_satellite_patch,derived_from_aligned_satellite_bands,S2A_MSIL2A_20210314T050651_N0500_R019_T44QKE_20230528T183433,2021-03-14,Hyderabad Western Growth Corridor,EPSG:32644,10.0,data/processed/patches/before/GW_R001_C002.tif,24da1ffcea183b65a26c9faeb9c6a39e7483c4003c7660d1e68ce206305b6a0c,aligned-before-S2A_MSIL2A_20210314T050651_N0500_R019_T44QKE_20230528T183433-B02_10m;aligned-before-S2A_MSIL2A_20210314T050651_N0500_R019_T44QKE_20230528T183433-B03_10m;aligned-before-S2A_MSIL2A_20210314T050651_N0500_R019_T44QKE_20230528T183433-B04_10m;aligned-before-S2A_MSIL2A_20210314T050651_N0500_R019_T44QKE_20230528T183433-B08_10m;aligned-before-S2A_MSIL2A_20210314T050651_N0500_R019_T44QKE_20230528T183433-B11_20m;aligned-before-S2A_MSIL2A_20210314T050651_N0500_R019_T44QKE_20230528T183433-B12_20m,patch_generated,2026-07-16T05:40:11.236187+00:00
0.1.0,patch-GW_R001_C002-pair-mask,patch_valid_mask,derived_from_paired_valid_pixel_mask,before_after_pair,,Hyderabad Western Growth Corridor,EPSG:32644,10.0,data/processed/patches/masks/GW_R001_C002.tif,06ca4cd0fd871e8117135d26ddeb5092d323a6b5ec6f437cc0ce0076e88f3eff,quality-mask-before-after-pair,patch_mask_generated,2026-07-16T05:40:11.236187+00:00
0.1.0,patch-GW_R001_C003-after,multiband_satellite_patch,derived_from_aligned_satellite_bands,S2A_MSIL2A_20250315T051241_N0511_R019_T44QKE_20250315T113317,2025-03-15,Hyderabad Western Growth Corridor,EPSG:32644,10.0,data/processed/patches/after/GW_R001_C003.tif,644cf47fe521587aef5bb4190867ac11998a77a39440c30a6dd7cfbcadcf25de,aligned-after-S2A_MSIL2A_20250315T051241_N0511_R019_T44QKE_20250315T113317-B02_10m;aligned-after-S2A_MSIL2A_20250315T051241_N0511_R019_T44QKE_20250315T113317-B03_10m;aligned-after-S2A_MSIL2A_20250315T051241_N0511_R019_T44QKE_20250315T113317-B04_10m;aligned-after-S2A_MSIL2A_20250315T051241_N0511_R019_T44QKE_20250315T113317-B08_10m;aligned-after-S2A_MSIL2A_20250315T051241_N0511_R019_T44QKE_20250315T113317-B11_20m;aligned-after-S2A_MSIL2A_20250315T051241_N0511_R019_T44QKE_20250315T113317-B12_20m,patch_generated,2026-07-16T05:40:11.236187+00:00
0.1.0,patch-GW_R001_C003-before,multiband_satellite_patch,derived_from_aligned_satellite_bands,S2A_MSIL2A_20210314T050651_N0500_R019_T44QKE_20230528T183433,2021-03-14,Hyderabad Western Growth Corridor,EPSG:32644,10.0,data/processed/patches/before/GW_R001_C003.tif,017e6d60db303dd8a0315425210aee14044e5384b6ca16efa5001bac6141e4e9,aligned-before-S2A_MSIL2A_20210314T050651_N0500_R019_T44QKE_20230528T183433-B02_10m;aligned-before-S2A_MSIL2A_20210314T050651_N0500_R019_T44QKE_20230528T183433-B03_10m;aligned-before-S2A_MSIL2A_20210314T050651_N0500_R019_T44QKE_20230528T183433-B04_10m;aligned-before-S2A_MSIL2A_20210314T050651_N0500_R019_T44QKE_20230528T183433-B08_10m;aligned-before-S2A_MSIL2A_20210314T050651_N0500_R019_T44QKE_20230528T183433-B11_20m;aligned-before-S2A_MSIL2A_20210314T050651_N0500_R019_T44QKE_20230528T183433-B12_20m,patch_generated,2026-07-16T05:40:11.236187+00:00
0.1.0,patch-GW_R001_C003-pair-mask,patch_valid_mask,derived_from_paired_valid_pixel_mask,before_after_pair,,Hyderabad Western Growth Corridor,EPSG:32644,10.0,data/processed/patches/masks/GW_R001_C003.tif,456ed99408f56c3c04a815c67cfcd750fb57518e5109794bb3648da3dc6ccbd7,quality-mask-before-after-pair,patch_mask_generated,2026-07-16T05:40:11.236187+00:00
0.1.0,patch-GW_R001_C004-after,multiband_satellite_patch,derived_from_aligned_satellite_bands,S2A_MSIL2A_20250315T051241_N0511_R019_T44QKE_20250315T113317,2025-03-15,Hyderabad Western Growth Corridor,EPSG:32644,10.0,data/processed/patches/after/GW_R001_C004.tif,f57c6ea80c09f205aeeb6decf71cb80835b60f7ea147f0c477cdd78b624acd56,aligned-after-S2A_MSIL2A_20250315T051241_N0511_R019_T44QKE_20250315T113317-B02_10m;aligned-after-S2A_MSIL2A_20250315T051241_N0511_R019_T44QKE_20250315T113317-B03_10m;aligned-after-S2A_MSIL2A_20250315T051241_N0511_R019_T44QKE_20250315T113317-B04_10m;aligned-after-S2A_MSIL2A_20250315T051241_N0511_R019_T44QKE_20250315T113317-B08_10m;aligned-after-S2A_MSIL2A_20250315T051241_N0511_R019_T44QKE_20250315T113317-B11_20m;aligned-after-S2A_MSIL2A_20250315T051241_N0511_R019_T44QKE_20250315T113317-B12_20m,patch_generated,2026-07-16T05:40:11.236187+00:00
0.1.0,patch-GW_R001_C004-before,multiband_satellite_patch,derived_from_aligned_satellite_bands,S2A_MSIL2A_20210314T050651_N0500_R019_T44QKE_20230528T183433,2021-03-14,Hyderabad Western Growth Corridor,EPSG:32644,10.0,data/processed/patches/before/GW_R001_C004.tif,f62857bae4077bcac7d5b2c018b6c6d07d67f81d2dd5f55cb9d1c3add219d1a1,aligned-before-S2A_MSIL2A_20210314T050651_N0500_R019_T44QKE_20230528T183433-B02_10m;aligned-before-S2A_MSIL2A_20210314T050651_N0500_R019_T44QKE_20230528T183433-B03_10m;aligned-before-S2A_MSIL2A_20210314T050651_N0500_R019_T44QKE_20230528T183433-B04_10m;aligned-before-S2A_MSIL2A_20210314T050651_N0500_R019_T44QKE_20230528T183433-B08_10m;aligned-before-S2A_MSIL2A_20210314T050651_N0500_R019_T44QKE_20230528T183433-B11_20m;aligned-before-S2A_MSIL2A_20210314T050651_N0500_R019_T44QKE_20230528T183433-B12_20m,patch_generated,2026-07-16T05:40:11.236187+00:00
0.1.0,patch-GW_R001_C004-pair-mask,patch_valid_mask,derived_from_paired_valid_pixel_mask,before_after_pair,,Hyderabad Western Growth Corridor,EPSG:32644,10.0,data/processed/patches/masks/GW_R001_C004.tif,fe0cbad6671633c128af2ca1159ad9f77a09f606443950cab68905ffee9a4087,quality-mask-before-after-pair,patch_mask_generated,2026-07-16T05:40:11.236187+00:00
0.1.0,patch-GW_R002_C000-after,multiband_satellite_patch,derived_from_aligned_satellite_bands,S2A_MSIL2A_20250315T051241_N0511_R019_T44QKE_20250315T113317,2025-03-15,Hyderabad Western Growth Corridor,EPSG:32644,10.0,data/processed/patches/after/GW_R002_C000.tif,a5b1f852c1066de7238deaee05a01656a322ec4cb2f98c6c2769594f5df85029,aligned-after-S2A_MSIL2A_20250315T051241_N0511_R019_T44QKE_20250315T113317-B02_10m;aligned-after-S2A_MSIL2A_20250315T051241_N0511_R019_T44QKE_20250315T113317-B03_10m;aligned-after-S2A_MSIL2A_20250315T051241_N0511_R019_T44QKE_20250315T113317-B04_10m;aligned-after-S2A_MSIL2A_20250315T051241_N0511_R019_T44QKE_20250315T113317-B08_10m;aligned-after-S2A_MSIL2A_20250315T051241_N0511_R019_T44QKE_20250315T113317-B11_20m;aligned-after-S2A_MSIL2A_20250315T051241_N0511_R019_T44QKE_20250315T113317-B12_20m,patch_generated,2026-07-16T05:40:11.236187+00:00
0.1.0,patch-GW_R002_C000-before,multiband_satellite_patch,derived_from_aligned_satellite_bands,S2A_MSIL2A_20210314T050651_N0500_R019_T44QKE_20230528T183433,2021-03-14,Hyderabad Western Growth Corridor,EPSG:32644,10.0,data/processed/patches/before/GW_R002_C000.tif,ef5767e28f6214391cf9f8d97d91f2afec850b9ed1482da82d5b409a7f494c34,aligned-before-S2A_MSIL2A_20210314T050651_N0500_R019_T44QKE_20230528T183433-B02_10m;aligned-before-S2A_MSIL2A_20210314T050651_N0500_R019_T44QKE_20230528T183433-B03_10m;aligned-before-S2A_MSIL2A_20210314T050651_N0500_R019_T44QKE_20230528T183433-B04_10m;aligned-before-S2A_MSIL2A_20210314T050651_N0500_R019_T44QKE_20230528T183433-B08_10m;aligned-before-S2A_MSIL2A_20210314T050651_N0500_R019_T44QKE_20230528T183433-B11_20m;aligned-before-S2A_MSIL2A_20210314T050651_N0500_R019_T44QKE_20230528T183433-B12_20m,patch_generated,2026-07-16T05:40:11.236187+00:00
0.1.0,patch-GW_R002_C000-pair-mask,patch_valid_mask,derived_from_paired_valid_pixel_mask,before_after_pair,,Hyderabad Western Growth Corridor,EPSG:32644,10.0,data/processed/patches/masks/GW_R002_C000.tif,4460442e3bae7dc12418559684ad2069ce8dc1a3f7bfb94dbbfd738e2c9b33c8,quality-mask-before-after-pair,patch_mask_generated,2026-07-16T05:40:11.236187+00:00
0.1.0,patch-GW_R002_C001-after,multiband_satellite_patch,derived_from_aligned_satellite_bands,S2A_MSIL2A_20250315T051241_N0511_R019_T44QKE_20250315T113317,2025-03-15,Hyderabad Western Growth Corridor,EPSG:32644,10.0,data/processed/patches/after/GW_R002_C001.tif,9c83e85fe329b02515aac1911cd8b4d9cc7df7cf10c515ec45849d4746629c0a,aligned-after-S2A_MSIL2A_20250315T051241_N0511_R019_T44QKE_20250315T113317-B02_10m;aligned-after-S2A_MSIL2A_20250315T051241_N0511_R019_T44QKE_20250315T113317-B03_10m;aligned-after-S2A_MSIL2A_20250315T051241_N0511_R019_T44QKE_20250315T113317-B04_10m;aligned-after-S2A_MSIL2A_20250315T051241_N0511_R019_T44QKE_20250315T113317-B08_10m;aligned-after-S2A_MSIL2A_20250315T051241_N0511_R019_T44QKE_20250315T113317-B11_20m;aligned-after-S2A_MSIL2A_20250315T051241_N0511_R019_T44QKE_20250315T113317-B12_20m,patch_generated,2026-07-16T05:40:11.236187+00:00
0.1.0,patch-GW_R002_C001-before,multiband_satellite_patch,derived_from_aligned_satellite_bands,S2A_MSIL2A_20210314T050651_N0500_R019_T44QKE_20230528T183433,2021-03-14,Hyderabad Western Growth Corridor,EPSG:32644,10.0,data/processed/patches/before/GW_R002_C001.tif,a660b4cc82b0a3f53901cb12059413e20b9c7bffb697a22b9cb476bea2d4d831,aligned-before-S2A_MSIL2A_20210314T050651_N0500_R019_T44QKE_20230528T183433-B02_10m;aligned-before-S2A_MSIL2A_20210314T050651_N0500_R019_T44QKE_20230528T183433-B03_10m;aligned-before-S2A_MSIL2A_20210314T050651_N0500_R019_T44QKE_20230528T183433-B04_10m;aligned-before-S2A_MSIL2A_20210314T050651_N0500_R019_T44QKE_20230528T183433-B08_10m;aligned-before-S2A_MSIL2A_20210314T050651_N0500_R019_T44QKE_20230528T183433-B11_20m;aligned-before-S2A_MSIL2A_20210314T050651_N0500_R019_T44QKE_20230528T183433-B12_20m,patch_generated,2026-07-16T05:40:11.236187+00:00
0.1.0,patch-GW_R002_C001-pair-mask,patch_valid_mask,derived_from_paired_valid_pixel_mask,before_after_pair,,Hyderabad Western Growth Corridor,EPSG:32644,10.0,data/processed/patches/masks/GW_R002_C001.tif,d0a0b116e89dc89405dbd9578b7a61007850bb1e4d69b7f9a7d13e58bf27c0d7,quality-mask-before-after-pair,patch_mask_generated,2026-07-16T05:40:11.236187+00:00
0.1.0,patch-GW_R002_C002-after,multiband_satellite_patch,derived_from_aligned_satellite_bands,S2A_MSIL2A_20250315T051241_N0511_R019_T44QKE_20250315T113317,2025-03-15,Hyderabad Western Growth Corridor,EPSG:32644,10.0,data/processed/patches/after/GW_R002_C002.tif,8c69fafce99e6fb8d3df8f02adff7451dcdf096cb042942ba149a4f868b0ce96,aligned-after-S2A_MSIL2A_20250315T051241_N0511_R019_T44QKE_20250315T113317-B02_10m;aligned-after-S2A_MSIL2A_20250315T051241_N0511_R019_T44QKE_20250315T113317-B03_10m;aligned-after-S2A_MSIL2A_20250315T051241_N0511_R019_T44QKE_20250315T113317-B04_10m;aligned-after-S2A_MSIL2A_20250315T051241_N0511_R019_T44QKE_20250315T113317-B08_10m;aligned-after-S2A_MSIL2A_20250315T051241_N0511_R019_T44QKE_20250315T113317-B11_20m;aligned-after-S2A_MSIL2A_20250315T051241_N0511_R019_T44QKE_20250315T113317-B12_20m,patch_generated,2026-07-16T05:40:11.236187+00:00
0.1.0,patch-GW_R002_C002-before,multiband_satellite_patch,derived_from_aligned_satellite_bands,S2A_MSIL2A_20210314T050651_N0500_R019_T44QKE_20230528T183433,2021-03-14,Hyderabad Western Growth Corridor,EPSG:32644,10.0,data/processed/patches/before/GW_R002_C002.tif,917fb63d6781b4d9bb684c428f9bdebd662d31fc8e71f525516d45252b5338b2,aligned-before-S2A_MSIL2A_20210314T050651_N0500_R019_T44QKE_20230528T183433-B02_10m;aligned-before-S2A_MSIL2A_20210314T050651_N0500_R019_T44QKE_20230528T183433-B03_10m;aligned-before-S2A_MSIL2A_20210314T050651_N0500_R019_T44QKE_20230528T183433-B04_10m;aligned-before-S2A_MSIL2A_20210314T050651_N0500_R019_T44QKE_20230528T183433-B08_10m;aligned-before-S2A_MSIL2A_20210314T050651_N0500_R019_T44QKE_20230528T183433-B11_20m;aligned-before-S2A_MSIL2A_20210314T050651_N0500_R019_T44QKE_20230528T183433-B12_20m,patch_generated,2026-07-16T05:40:11.236187+00:00
0.1.0,patch-GW_R002_C002-pair-mask,patch_valid_mask,derived_from_paired_valid_pixel_mask,before_after_pair,,Hyderabad Western Growth Corridor,EPSG:32644,10.0,data/processed/patches/masks/GW_R002_C002.tif,e0f99f860d0baac8ffc6b1f470879a2a895dd8dfe8ecd74f9950cdb2c3856ca7,quality-mask-before-after-pair,patch_mask_generated,2026-07-16T05:40:11.236187+00:00
0.1.0,patch-GW_R002_C003-after,multiband_satellite_patch,derived_from_aligned_satellite_bands,S2A_MSIL2A_20250315T051241_N0511_R019_T44QKE_20250315T113317,2025-03-15,Hyderabad Western Growth Corridor,EPSG:32644,10.0,data/processed/patches/after/GW_R002_C003.tif,c2c46659c474335694c2b43f0cdacd15e8772061284d144e68b02034f6174dff,aligned-after-S2A_MSIL2A_20250315T051241_N0511_R019_T44QKE_20250315T113317-B02_10m;aligned-after-S2A_MSIL2A_20250315T051241_N0511_R019_T44QKE_20250315T113317-B03_10m;aligned-after-S2A_MSIL2A_20250315T051241_N0511_R019_T44QKE_20250315T113317-B04_10m;aligned-after-S2A_MSIL2A_20250315T051241_N0511_R019_T44QKE_20250315T113317-B08_10m;aligned-after-S2A_MSIL2A_20250315T051241_N0511_R019_T44QKE_20250315T113317-B11_20m;aligned-after-S2A_MSIL2A_20250315T051241_N0511_R019_T44QKE_20250315T113317-B12_20m,patch_generated,2026-07-16T05:40:11.236187+00:00
0.1.0,patch-GW_R002_C003-before,multiband_satellite_patch,derived_from_aligned_satellite_bands,S2A_MSIL2A_20210314T050651_N0500_R019_T44QKE_20230528T183433,2021-03-14,Hyderabad Western Growth Corridor,EPSG:32644,10.0,data/processed/patches/before/GW_R002_C003.tif,423db905ab3c8ea0195788b069347457f647234c5d7ea0cbd31c826294f48691,aligned-before-S2A_MSIL2A_20210314T050651_N0500_R019_T44QKE_20230528T183433-B02_10m;aligned-before-S2A_MSIL2A_20210314T050651_N0500_R019_T44QKE_20230528T183433-B03_10m;aligned-before-S2A_MSIL2A_20210314T050651_N0500_R019_T44QKE_20230528T183433-B04_10m;aligned-before-S2A_MSIL2A_20210314T050651_N0500_R019_T44QKE_20230528T183433-B08_10m;aligned-before-S2A_MSIL2A_20210314T050651_N0500_R019_T44QKE_20230528T183433-B11_20m;aligned-before-S2A_MSIL2A_20210314T050651_N0500_R019_T44QKE_20230528T183433-B12_20m,patch_generated,2026-07-16T05:40:11.236187+00:00
0.1.0,patch-GW_R002_C003-pair-mask,patch_valid_mask,derived_from_paired_valid_pixel_mask,before_after_pair,,Hyderabad Western Growth Corridor,EPSG:32644,10.0,data/processed/patches/masks/GW_R002_C003.tif,98eabf46f9f1a34a20ec2b52faccc48dd42fafe30a7f4709f762f95eca7f950c,quality-mask-before-after-pair,patch_mask_generated,2026-07-16T05:40:11.236187+00:00
0.1.0,patch-GW_R002_C004-after,multiband_satellite_patch,derived_from_aligned_satellite_bands,S2A_MSIL2A_20250315T051241_N0511_R019_T44QKE_20250315T113317,2025-03-15,Hyderabad Western Growth Corridor,EPSG:32644,10.0,data/processed/patches/after/GW_R002_C004.tif,a9ff827617765f001251ee36f6dab1b4272af4a850fa3f7a0146d55341dde5b5,aligned-after-S2A_MSIL2A_20250315T051241_N0511_R019_T44QKE_20250315T113317-B02_10m;aligned-after-S2A_MSIL2A_20250315T051241_N0511_R019_T44QKE_20250315T113317-B03_10m;aligned-after-S2A_MSIL2A_20250315T051241_N0511_R019_T44QKE_20250315T113317-B04_10m;aligned-after-S2A_MSIL2A_20250315T051241_N0511_R019_T44QKE_20250315T113317-B08_10m;aligned-after-S2A_MSIL2A_20250315T051241_N0511_R019_T44QKE_20250315T113317-B11_20m;aligned-after-S2A_MSIL2A_20250315T051241_N0511_R019_T44QKE_20250315T113317-B12_20m,patch_generated,2026-07-16T05:40:11.236187+00:00
0.1.0,patch-GW_R002_C004-before,multiband_satellite_patch,derived_from_aligned_satellite_bands,S2A_MSIL2A_20210314T050651_N0500_R019_T44QKE_20230528T183433,2021-03-14,Hyderabad Western Growth Corridor,EPSG:32644,10.0,data/processed/patches/before/GW_R002_C004.tif,467c502fc9cae094744f8636618083be7913775ca7caa92543f9b62d908b4d54,aligned-before-S2A_MSIL2A_20210314T050651_N0500_R019_T44QKE_20230528T183433-B02_10m;aligned-before-S2A_MSIL2A_20210314T050651_N0500_R019_T44QKE_20230528T183433-B03_10m;aligned-before-S2A_MSIL2A_20210314T050651_N0500_R019_T44QKE_20230528T183433-B04_10m;aligned-before-S2A_MSIL2A_20210314T050651_N0500_R019_T44QKE_20230528T183433-B08_10m;aligned-before-S2A_MSIL2A_20210314T050651_N0500_R019_T44QKE_20230528T183433-B11_20m;aligned-before-S2A_MSIL2A_20210314T050651_N0500_R019_T44QKE_20230528T183433-B12_20m,patch_generated,2026-07-16T05:40:11.236187+00:00
0.1.0,patch-GW_R002_C004-pair-mask,patch_valid_mask,derived_from_paired_valid_pixel_mask,before_after_pair,,Hyderabad Western Growth Corridor,EPSG:32644,10.0,data/processed/patches/masks/GW_R002_C004.tif,ff3ca77b9fd11a24513a7f25ebe41e6cac18c5f72e9da22da8e9dbcf1e864b11,quality-mask-before-after-pair,patch_mask_generated,2026-07-16T05:40:11.236187+00:00
0.1.0,patch-GW_R003_C000-after,multiband_satellite_patch,derived_from_aligned_satellite_bands,S2A_MSIL2A_20250315T051241_N0511_R019_T44QKE_20250315T113317,2025-03-15,Hyderabad Western Growth Corridor,EPSG:32644,10.0,data/processed/patches/after/GW_R003_C000.tif,edeffe9dafd86f7ae4c2be1aaa01668806181067ba9dcbae8c8427d62eabe395,aligned-after-S2A_MSIL2A_20250315T051241_N0511_R019_T44QKE_20250315T113317-B02_10m;aligned-after-S2A_MSIL2A_20250315T051241_N0511_R019_T44QKE_20250315T113317-B03_10m;aligned-after-S2A_MSIL2A_20250315T051241_N0511_R019_T44QKE_20250315T113317-B04_10m;aligned-after-S2A_MSIL2A_20250315T051241_N0511_R019_T44QKE_20250315T113317-B08_10m;aligned-after-S2A_MSIL2A_20250315T051241_N0511_R019_T44QKE_20250315T113317-B11_20m;aligned-after-S2A_MSIL2A_20250315T051241_N0511_R019_T44QKE_20250315T113317-B12_20m,patch_generated,2026-07-16T05:40:11.236187+00:00
0.1.0,patch-GW_R003_C000-before,multiband_satellite_patch,derived_from_aligned_satellite_bands,S2A_MSIL2A_20210314T050651_N0500_R019_T44QKE_20230528T183433,2021-03-14,Hyderabad Western Growth Corridor,EPSG:32644,10.0,data/processed/patches/before/GW_R003_C000.tif,1d557b2b4fd31e5de8a013eaf8325475a31bf4c94cbef081aa17511b65747971,aligned-before-S2A_MSIL2A_20210314T050651_N0500_R019_T44QKE_20230528T183433-B02_10m;aligned-before-S2A_MSIL2A_20210314T050651_N0500_R019_T44QKE_20230528T183433-B03_10m;aligned-before-S2A_MSIL2A_20210314T050651_N0500_R019_T44QKE_20230528T183433-B04_10m;aligned-before-S2A_MSIL2A_20210314T050651_N0500_R019_T44QKE_20230528T183433-B08_10m;aligned-before-S2A_MSIL2A_20210314T050651_N0500_R019_T44QKE_20230528T183433-B11_20m;aligned-before-S2A_MSIL2A_20210314T050651_N0500_R019_T44QKE_20230528T183433-B12_20m,patch_generated,2026-07-16T05:40:11.236187+00:00
0.1.0,patch-GW_R003_C000-pair-mask,patch_valid_mask,derived_from_paired_valid_pixel_mask,before_after_pair,,Hyderabad Western Growth Corridor,EPSG:32644,10.0,data/processed/patches/masks/GW_R003_C000.tif,a1d3de6cbb940eeb9aa5d32f41b688973ee40a19a9efbf536b917030c1b4d8c2,quality-mask-before-after-pair,patch_mask_generated,2026-07-16T05:40:11.236187+00:00
0.1.0,patch-GW_R003_C001-after,multiband_satellite_patch,derived_from_aligned_satellite_bands,S2A_MSIL2A_20250315T051241_N0511_R019_T44QKE_20250315T113317,2025-03-15,Hyderabad Western Growth Corridor,EPSG:32644,10.0,data/processed/patches/after/GW_R003_C001.tif,e20e5a927ebce779c310f5004b0d813e5cb709f545f6ee9fd1109cbab427b18c,aligned-after-S2A_MSIL2A_20250315T051241_N0511_R019_T44QKE_20250315T113317-B02_10m;aligned-after-S2A_MSIL2A_20250315T051241_N0511_R019_T44QKE_20250315T113317-B03_10m;aligned-after-S2A_MSIL2A_20250315T051241_N0511_R019_T44QKE_20250315T113317-B04_10m;aligned-after-S2A_MSIL2A_20250315T051241_N0511_R019_T44QKE_20250315T113317-B08_10m;aligned-after-S2A_MSIL2A_20250315T051241_N0511_R019_T44QKE_20250315T113317-B11_20m;aligned-after-S2A_MSIL2A_20250315T051241_N0511_R019_T44QKE_20250315T113317-B12_20m,patch_generated,2026-07-16T05:40:11.236187+00:00
0.1.0,patch-GW_R003_C001-before,multiband_satellite_patch,derived_from_aligned_satellite_bands,S2A_MSIL2A_20210314T050651_N0500_R019_T44QKE_20230528T183433,2021-03-14,Hyderabad Western Growth Corridor,EPSG:32644,10.0,data/processed/patches/before/GW_R003_C001.tif,579b9b50ca24e82dfa8edb45d57221df8606d53eed5c47e8ea24d7b665901775,aligned-before-S2A_MSIL2A_20210314T050651_N0500_R019_T44QKE_20230528T183433-B02_10m;aligned-before-S2A_MSIL2A_20210314T050651_N0500_R019_T44QKE_20230528T183433-B03_10m;aligned-before-S2A_MSIL2A_20210314T050651_N0500_R019_T44QKE_20230528T183433-B04_10m;aligned-before-S2A_MSIL2A_20210314T050651_N0500_R019_T44QKE_20230528T183433-B08_10m;aligned-before-S2A_MSIL2A_20210314T050651_N0500_R019_T44QKE_20230528T183433-B11_20m;aligned-before-S2A_MSIL2A_20210314T050651_N0500_R019_T44QKE_20230528T183433-B12_20m,patch_generated,2026-07-16T05:40:11.236187+00:00
0.1.0,patch-GW_R003_C001-pair-mask,patch_valid_mask,derived_from_paired_valid_pixel_mask,before_after_pair,,Hyderabad Western Growth Corridor,EPSG:32644,10.0,data/processed/patches/masks/GW_R003_C001.tif,965e2d8e2d5e0bdca088ab2091db2dc33e7c0004bdc2033f2df133382385d6ae,quality-mask-before-after-pair,patch_mask_generated,2026-07-16T05:40:11.236187+00:00
0.1.0,patch-GW_R003_C002-after,multiband_satellite_patch,derived_from_aligned_satellite_bands,S2A_MSIL2A_20250315T051241_N0511_R019_T44QKE_20250315T113317,2025-03-15,Hyderabad Western Growth Corridor,EPSG:32644,10.0,data/processed/patches/after/GW_R003_C002.tif,53e46d85c8ce9f595d7c02de7a0c13da99ddeb7608cc782f84e14f90c2ed2d85,aligned-after-S2A_MSIL2A_20250315T051241_N0511_R019_T44QKE_20250315T113317-B02_10m;aligned-after-S2A_MSIL2A_20250315T051241_N0511_R019_T44QKE_20250315T113317-B03_10m;aligned-after-S2A_MSIL2A_20250315T051241_N0511_R019_T44QKE_20250315T113317-B04_10m;aligned-after-S2A_MSIL2A_20250315T051241_N0511_R019_T44QKE_20250315T113317-B08_10m;aligned-after-S2A_MSIL2A_20250315T051241_N0511_R019_T44QKE_20250315T113317-B11_20m;aligned-after-S2A_MSIL2A_20250315T051241_N0511_R019_T44QKE_20250315T113317-B12_20m,patch_generated,2026-07-16T05:40:11.236187+00:00
0.1.0,patch-GW_R003_C002-before,multiband_satellite_patch,derived_from_aligned_satellite_bands,S2A_MSIL2A_20210314T050651_N0500_R019_T44QKE_20230528T183433,2021-03-14,Hyderabad Western Growth Corridor,EPSG:32644,10.0,data/processed/patches/before/GW_R003_C002.tif,71a93b0b25214956b8f952aefe95c3117bbe97d5da62d43055c835481613da4b,aligned-before-S2A_MSIL2A_20210314T050651_N0500_R019_T44QKE_20230528T183433-B02_10m;aligned-before-S2A_MSIL2A_20210314T050651_N0500_R019_T44QKE_20230528T183433-B03_10m;aligned-before-S2A_MSIL2A_20210314T050651_N0500_R019_T44QKE_20230528T183433-B04_10m;aligned-before-S2A_MSIL2A_20210314T050651_N0500_R019_T44QKE_20230528T183433-B08_10m;aligned-before-S2A_MSIL2A_20210314T050651_N0500_R019_T44QKE_20230528T183433-B11_20m;aligned-before-S2A_MSIL2A_20210314T050651_N0500_R019_T44QKE_20230528T183433-B12_20m,patch_generated,2026-07-16T05:40:11.236187+00:00
0.1.0,patch-GW_R003_C002-pair-mask,patch_valid_mask,derived_from_paired_valid_pixel_mask,before_after_pair,,Hyderabad Western Growth Corridor,EPSG:32644,10.0,data/processed/patches/masks/GW_R003_C002.tif,42d87dba3e8cbf4916a1eba32640611ad2cc0d970ef05c3aa1ee4e8939c53fc4,quality-mask-before-after-pair,patch_mask_generated,2026-07-16T05:40:11.236187+00:00
0.1.0,patch-GW_R003_C003-after,multiband_satellite_patch,derived_from_aligned_satellite_bands,S2A_MSIL2A_20250315T051241_N0511_R019_T44QKE_20250315T113317,2025-03-15,Hyderabad Western Growth Corridor,EPSG:32644,10.0,data/processed/patches/after/GW_R003_C003.tif,2324b7d426a0c7243074b0e17196ac7c4f5d5b12d84d96aee1dc6edf54d80d22,aligned-after-S2A_MSIL2A_20250315T051241_N0511_R019_T44QKE_20250315T113317-B02_10m;aligned-after-S2A_MSIL2A_20250315T051241_N0511_R019_T44QKE_20250315T113317-B03_10m;aligned-after-S2A_MSIL2A_20250315T051241_N0511_R019_T44QKE_20250315T113317-B04_10m;aligned-after-S2A_MSIL2A_20250315T051241_N0511_R019_T44QKE_20250315T113317-B08_10m;aligned-after-S2A_MSIL2A_20250315T051241_N0511_R019_T44QKE_20250315T113317-B11_20m;aligned-after-S2A_MSIL2A_20250315T051241_N0511_R019_T44QKE_20250315T113317-B12_20m,patch_generated,2026-07-16T05:40:11.236187+00:00
0.1.0,patch-GW_R003_C003-before,multiband_satellite_patch,derived_from_aligned_satellite_bands,S2A_MSIL2A_20210314T050651_N0500_R019_T44QKE_20230528T183433,2021-03-14,Hyderabad Western Growth Corridor,EPSG:32644,10.0,data/processed/patches/before/GW_R003_C003.tif,7724ce51ac53bb4c91615bf9b7d8b043de1a06bf0ad1c204dca53a7d8ae7ca43,aligned-before-S2A_MSIL2A_20210314T050651_N0500_R019_T44QKE_20230528T183433-B02_10m;aligned-before-S2A_MSIL2A_20210314T050651_N0500_R019_T44QKE_20230528T183433-B03_10m;aligned-before-S2A_MSIL2A_20210314T050651_N0500_R019_T44QKE_20230528T183433-B04_10m;aligned-before-S2A_MSIL2A_20210314T050651_N0500_R019_T44QKE_20230528T183433-B08_10m;aligned-before-S2A_MSIL2A_20210314T050651_N0500_R019_T44QKE_20230528T183433-B11_20m;aligned-before-S2A_MSIL2A_20210314T050651_N0500_R019_T44QKE_20230528T183433-B12_20m,patch_generated,2026-07-16T05:40:11.236187+00:00
0.1.0,patch-GW_R003_C003-pair-mask,patch_valid_mask,derived_from_paired_valid_pixel_mask,before_after_pair,,Hyderabad Western Growth Corridor,EPSG:32644,10.0,data/processed/patches/masks/GW_R003_C003.tif,0060afae3bb8e89c44f1c710aac4b1fb6bafcce8e3771a76331c69e434d9d5c2,quality-mask-before-after-pair,patch_mask_generated,2026-07-16T05:40:11.236187+00:00
0.1.0,patch-GW_R003_C004-after,multiband_satellite_patch,derived_from_aligned_satellite_bands,S2A_MSIL2A_20250315T051241_N0511_R019_T44QKE_20250315T113317,2025-03-15,Hyderabad Western Growth Corridor,EPSG:32644,10.0,data/processed/patches/after/GW_R003_C004.tif,e763f708ba1a3de2ba8034033b933351589cd2d029e73ab30cb8295e15f1ab94,aligned-after-S2A_MSIL2A_20250315T051241_N0511_R019_T44QKE_20250315T113317-B02_10m;aligned-after-S2A_MSIL2A_20250315T051241_N0511_R019_T44QKE_20250315T113317-B03_10m;aligned-after-S2A_MSIL2A_20250315T051241_N0511_R019_T44QKE_20250315T113317-B04_10m;aligned-after-S2A_MSIL2A_20250315T051241_N0511_R019_T44QKE_20250315T113317-B08_10m;aligned-after-S2A_MSIL2A_20250315T051241_N0511_R019_T44QKE_20250315T113317-B11_20m;aligned-after-S2A_MSIL2A_20250315T051241_N0511_R019_T44QKE_20250315T113317-B12_20m,patch_generated,2026-07-16T05:40:11.236187+00:00
0.1.0,patch-GW_R003_C004-before,multiband_satellite_patch,derived_from_aligned_satellite_bands,S2A_MSIL2A_20210314T050651_N0500_R019_T44QKE_20230528T183433,2021-03-14,Hyderabad Western Growth Corridor,EPSG:32644,10.0,data/processed/patches/before/GW_R003_C004.tif,c2692ca24c5eb9634e8d49c3e8ca440384444c48fb36d1b7d82bd28c5aedb40b,aligned-before-S2A_MSIL2A_20210314T050651_N0500_R019_T44QKE_20230528T183433-B02_10m;aligned-before-S2A_MSIL2A_20210314T050651_N0500_R019_T44QKE_20230528T183433-B03_10m;aligned-before-S2A_MSIL2A_20210314T050651_N0500_R019_T44QKE_20230528T183433-B04_10m;aligned-before-S2A_MSIL2A_20210314T050651_N0500_R019_T44QKE_20230528T183433-B08_10m;aligned-before-S2A_MSIL2A_20210314T050651_N0500_R019_T44QKE_20230528T183433-B11_20m;aligned-before-S2A_MSIL2A_20210314T050651_N0500_R019_T44QKE_20230528T183433-B12_20m,patch_generated,2026-07-16T05:40:11.236187+00:00
0.1.0,patch-GW_R003_C004-pair-mask,patch_valid_mask,derived_from_paired_valid_pixel_mask,before_after_pair,,Hyderabad Western Growth Corridor,EPSG:32644,10.0,data/processed/patches/masks/GW_R003_C004.tif,a3f7f684bbc36a9a8ad2374eaa1944e2bdbcd3eae241c01e88e0f4dd6fb8757e,quality-mask-before-after-pair,patch_mask_generated,2026-07-16T05:40:11.236187+00:00
0.1.0,patch-GW_R004_C000-after,multiband_satellite_patch,derived_from_aligned_satellite_bands,S2A_MSIL2A_20250315T051241_N0511_R019_T44QKE_20250315T113317,2025-03-15,Hyderabad Western Growth Corridor,EPSG:32644,10.0,data/processed/patches/after/GW_R004_C000.tif,3ffa7fd34aa29e5c5e42d5b2e0cd82cfe7a3d4e7f6743bcb53a6a1d1b72ad880,aligned-after-S2A_MSIL2A_20250315T051241_N0511_R019_T44QKE_20250315T113317-B02_10m;aligned-after-S2A_MSIL2A_20250315T051241_N0511_R019_T44QKE_20250315T113317-B03_10m;aligned-after-S2A_MSIL2A_20250315T051241_N0511_R019_T44QKE_20250315T113317-B04_10m;aligned-after-S2A_MSIL2A_20250315T051241_N0511_R019_T44QKE_20250315T113317-B08_10m;aligned-after-S2A_MSIL2A_20250315T051241_N0511_R019_T44QKE_20250315T113317-B11_20m;aligned-after-S2A_MSIL2A_20250315T051241_N0511_R019_T44QKE_20250315T113317-B12_20m,patch_generated,2026-07-16T05:40:11.236187+00:00
0.1.0,patch-GW_R004_C000-before,multiband_satellite_patch,derived_from_aligned_satellite_bands,S2A_MSIL2A_20210314T050651_N0500_R019_T44QKE_20230528T183433,2021-03-14,Hyderabad Western Growth Corridor,EPSG:32644,10.0,data/processed/patches/before/GW_R004_C000.tif,01f736615ab198c46a3f921935d5c3ec276f7d0b211e2201f177ede351499bf4,aligned-before-S2A_MSIL2A_20210314T050651_N0500_R019_T44QKE_20230528T183433-B02_10m;aligned-before-S2A_MSIL2A_20210314T050651_N0500_R019_T44QKE_20230528T183433-B03_10m;aligned-before-S2A_MSIL2A_20210314T050651_N0500_R019_T44QKE_20230528T183433-B04_10m;aligned-before-S2A_MSIL2A_20210314T050651_N0500_R019_T44QKE_20230528T183433-B08_10m;aligned-before-S2A_MSIL2A_20210314T050651_N0500_R019_T44QKE_20230528T183433-B11_20m;aligned-before-S2A_MSIL2A_20210314T050651_N0500_R019_T44QKE_20230528T183433-B12_20m,patch_generated,2026-07-16T05:40:11.236187+00:00
0.1.0,patch-GW_R004_C000-pair-mask,patch_valid_mask,derived_from_paired_valid_pixel_mask,before_after_pair,,Hyderabad Western Growth Corridor,EPSG:32644,10.0,data/processed/patches/masks/GW_R004_C000.tif,7ee64c774c3a25a04b8be94c8b021d6640d4c7ef19fb04536e70ad1fa4a485d6,quality-mask-before-after-pair,patch_mask_generated,2026-07-16T05:40:11.236187+00:00
0.1.0,patch-GW_R004_C001-after,multiband_satellite_patch,derived_from_aligned_satellite_bands,S2A_MSIL2A_20250315T051241_N0511_R019_T44QKE_20250315T113317,2025-03-15,Hyderabad Western Growth Corridor,EPSG:32644,10.0,data/processed/patches/after/GW_R004_C001.tif,e3759c9a68cb3228055279dec6370e08c06c90f239fd5ed5027ac47cfbf307b2,aligned-after-S2A_MSIL2A_20250315T051241_N0511_R019_T44QKE_20250315T113317-B02_10m;aligned-after-S2A_MSIL2A_20250315T051241_N0511_R019_T44QKE_20250315T113317-B03_10m;aligned-after-S2A_MSIL2A_20250315T051241_N0511_R019_T44QKE_20250315T113317-B04_10m;aligned-after-S2A_MSIL2A_20250315T051241_N0511_R019_T44QKE_20250315T113317-B08_10m;aligned-after-S2A_MSIL2A_20250315T051241_N0511_R019_T44QKE_20250315T113317-B11_20m;aligned-after-S2A_MSIL2A_20250315T051241_N0511_R019_T44QKE_20250315T113317-B12_20m,patch_generated,2026-07-16T05:40:11.236187+00:00
0.1.0,patch-GW_R004_C001-before,multiband_satellite_patch,derived_from_aligned_satellite_bands,S2A_MSIL2A_20210314T050651_N0500_R019_T44QKE_20230528T183433,2021-03-14,Hyderabad Western Growth Corridor,EPSG:32644,10.0,data/processed/patches/before/GW_R004_C001.tif,d2962cb2bb667e8c7a042a72fab2e7fa5195f5306169d35f3e9886622e7a50a4,aligned-before-S2A_MSIL2A_20210314T050651_N0500_R019_T44QKE_20230528T183433-B02_10m;aligned-before-S2A_MSIL2A_20210314T050651_N0500_R019_T44QKE_20230528T183433-B03_10m;aligned-before-S2A_MSIL2A_20210314T050651_N0500_R019_T44QKE_20230528T183433-B04_10m;aligned-before-S2A_MSIL2A_20210314T050651_N0500_R019_T44QKE_20230528T183433-B08_10m;aligned-before-S2A_MSIL2A_20210314T050651_N0500_R019_T44QKE_20230528T183433-B11_20m;aligned-before-S2A_MSIL2A_20210314T050651_N0500_R019_T44QKE_20230528T183433-B12_20m,patch_generated,2026-07-16T05:40:11.236187+00:00
0.1.0,patch-GW_R004_C001-pair-mask,patch_valid_mask,derived_from_paired_valid_pixel_mask,before_after_pair,,Hyderabad Western Growth Corridor,EPSG:32644,10.0,data/processed/patches/masks/GW_R004_C001.tif,28639cdf0dfdb39d4d53f8163b653ae6f16ae942ad85018d784af478140a7af1,quality-mask-before-after-pair,patch_mask_generated,2026-07-16T05:40:11.236187+00:00
0.1.0,patch-GW_R004_C002-after,multiband_satellite_patch,derived_from_aligned_satellite_bands,S2A_MSIL2A_20250315T051241_N0511_R019_T44QKE_20250315T113317,2025-03-15,Hyderabad Western Growth Corridor,EPSG:32644,10.0,data/processed/patches/after/GW_R004_C002.tif,e8ace8052bd36729fbe23c4040ff1ccc2bd0816112ec45463adc85952e7c4a4d,aligned-after-S2A_MSIL2A_20250315T051241_N0511_R019_T44QKE_20250315T113317-B02_10m;aligned-after-S2A_MSIL2A_20250315T051241_N0511_R019_T44QKE_20250315T113317-B03_10m;aligned-after-S2A_MSIL2A_20250315T051241_N0511_R019_T44QKE_20250315T113317-B04_10m;aligned-after-S2A_MSIL2A_20250315T051241_N0511_R019_T44QKE_20250315T113317-B08_10m;aligned-after-S2A_MSIL2A_20250315T051241_N0511_R019_T44QKE_20250315T113317-B11_20m;aligned-after-S2A_MSIL2A_20250315T051241_N0511_R019_T44QKE_20250315T113317-B12_20m,patch_generated,2026-07-16T05:40:11.236187+00:00
0.1.0,patch-GW_R004_C002-before,multiband_satellite_patch,derived_from_aligned_satellite_bands,S2A_MSIL2A_20210314T050651_N0500_R019_T44QKE_20230528T183433,2021-03-14,Hyderabad Western Growth Corridor,EPSG:32644,10.0,data/processed/patches/before/GW_R004_C002.tif,94383875232db22ca2a11566c0122e72283f6d208dc38d3b5a2ed48066ef7612,aligned-before-S2A_MSIL2A_20210314T050651_N0500_R019_T44QKE_20230528T183433-B02_10m;aligned-before-S2A_MSIL2A_20210314T050651_N0500_R019_T44QKE_20230528T183433-B03_10m;aligned-before-S2A_MSIL2A_20210314T050651_N0500_R019_T44QKE_20230528T183433-B04_10m;aligned-before-S2A_MSIL2A_20210314T050651_N0500_R019_T44QKE_20230528T183433-B08_10m;aligned-before-S2A_MSIL2A_20210314T050651_N0500_R019_T44QKE_20230528T183433-B11_20m;aligned-before-S2A_MSIL2A_20210314T050651_N0500_R019_T44QKE_20230528T183433-B12_20m,patch_generated,2026-07-16T05:40:11.236187+00:00
0.1.0,patch-GW_R004_C002-pair-mask,patch_valid_mask,derived_from_paired_valid_pixel_mask,before_after_pair,,Hyderabad Western Growth Corridor,EPSG:32644,10.0,data/processed/patches/masks/GW_R004_C002.tif,f6c5a1eb8f225baaa7bdc81932208b08ac9a6428a0db96e44e98e6a6c9efbcd8,quality-mask-before-after-pair,patch_mask_generated,2026-07-16T05:40:11.236187+00:00
0.1.0,patch-GW_R004_C003-after,multiband_satellite_patch,derived_from_aligned_satellite_bands,S2A_MSIL2A_20250315T051241_N0511_R019_T44QKE_20250315T113317,2025-03-15,Hyderabad Western Growth Corridor,EPSG:32644,10.0,data/processed/patches/after/GW_R004_C003.tif,b7e8a45c628462b47dbd7e285cce69fda4861d89286fa501b1944ff31c688a3e,aligned-after-S2A_MSIL2A_20250315T051241_N0511_R019_T44QKE_20250315T113317-B02_10m;aligned-after-S2A_MSIL2A_20250315T051241_N0511_R019_T44QKE_20250315T113317-B03_10m;aligned-after-S2A_MSIL2A_20250315T051241_N0511_R019_T44QKE_20250315T113317-B04_10m;aligned-after-S2A_MSIL2A_20250315T051241_N0511_R019_T44QKE_20250315T113317-B08_10m;aligned-after-S2A_MSIL2A_20250315T051241_N0511_R019_T44QKE_20250315T113317-B11_20m;aligned-after-S2A_MSIL2A_20250315T051241_N0511_R019_T44QKE_20250315T113317-B12_20m,patch_generated,2026-07-16T05:40:11.236187+00:00
0.1.0,patch-GW_R004_C003-before,multiband_satellite_patch,derived_from_aligned_satellite_bands,S2A_MSIL2A_20210314T050651_N0500_R019_T44QKE_20230528T183433,2021-03-14,Hyderabad Western Growth Corridor,EPSG:32644,10.0,data/processed/patches/before/GW_R004_C003.tif,80595dd355ce9747bd3fca6ade614386df67b8b8e9d0ae39df960be6a26ddfe2,aligned-before-S2A_MSIL2A_20210314T050651_N0500_R019_T44QKE_20230528T183433-B02_10m;aligned-before-S2A_MSIL2A_20210314T050651_N0500_R019_T44QKE_20230528T183433-B03_10m;aligned-before-S2A_MSIL2A_20210314T050651_N0500_R019_T44QKE_20230528T183433-B04_10m;aligned-before-S2A_MSIL2A_20210314T050651_N0500_R019_T44QKE_20230528T183433-B08_10m;aligned-before-S2A_MSIL2A_20210314T050651_N0500_R019_T44QKE_20230528T183433-B11_20m;aligned-before-S2A_MSIL2A_20210314T050651_N0500_R019_T44QKE_20230528T183433-B12_20m,patch_generated,2026-07-16T05:40:11.236187+00:00
0.1.0,patch-GW_R004_C003-pair-mask,patch_valid_mask,derived_from_paired_valid_pixel_mask,before_after_pair,,Hyderabad Western Growth Corridor,EPSG:32644,10.0,data/processed/patches/masks/GW_R004_C003.tif,848b16fd9bf3a8a623e6547bb5e231850677812a599784e1166e20130bbf6d71,quality-mask-before-after-pair,patch_mask_generated,2026-07-16T05:40:11.236187+00:00
0.1.0,patch-GW_R004_C004-after,multiband_satellite_patch,derived_from_aligned_satellite_bands,S2A_MSIL2A_20250315T051241_N0511_R019_T44QKE_20250315T113317,2025-03-15,Hyderabad Western Growth Corridor,EPSG:32644,10.0,data/processed/patches/after/GW_R004_C004.tif,4769d0d756cfb43791b658a2fabb15f707f2736e5955f9587497e29e2898cceb,aligned-after-S2A_MSIL2A_20250315T051241_N0511_R019_T44QKE_20250315T113317-B02_10m;aligned-after-S2A_MSIL2A_20250315T051241_N0511_R019_T44QKE_20250315T113317-B03_10m;aligned-after-S2A_MSIL2A_20250315T051241_N0511_R019_T44QKE_20250315T113317-B04_10m;aligned-after-S2A_MSIL2A_20250315T051241_N0511_R019_T44QKE_20250315T113317-B08_10m;aligned-after-S2A_MSIL2A_20250315T051241_N0511_R019_T44QKE_20250315T113317-B11_20m;aligned-after-S2A_MSIL2A_20250315T051241_N0511_R019_T44QKE_20250315T113317-B12_20m,patch_generated,2026-07-16T05:40:11.236187+00:00
0.1.0,patch-GW_R004_C004-before,multiband_satellite_patch,derived_from_aligned_satellite_bands,S2A_MSIL2A_20210314T050651_N0500_R019_T44QKE_20230528T183433,2021-03-14,Hyderabad Western Growth Corridor,EPSG:32644,10.0,data/processed/patches/before/GW_R004_C004.tif,98b178db61fa02f84d9959678e542339e7c0dbbd01b35a73590d5c67c75a3395,aligned-before-S2A_MSIL2A_20210314T050651_N0500_R019_T44QKE_20230528T183433-B02_10m;aligned-before-S2A_MSIL2A_20210314T050651_N0500_R019_T44QKE_20230528T183433-B03_10m;aligned-before-S2A_MSIL2A_20210314T050651_N0500_R019_T44QKE_20230528T183433-B04_10m;aligned-before-S2A_MSIL2A_20210314T050651_N0500_R019_T44QKE_20230528T183433-B08_10m;aligned-before-S2A_MSIL2A_20210314T050651_N0500_R019_T44QKE_20230528T183433-B11_20m;aligned-before-S2A_MSIL2A_20210314T050651_N0500_R019_T44QKE_20230528T183433-B12_20m,patch_generated,2026-07-16T05:40:11.236187+00:00
0.1.0,patch-GW_R004_C004-pair-mask,patch_valid_mask,derived_from_paired_valid_pixel_mask,before_after_pair,,Hyderabad Western Growth Corridor,EPSG:32644,10.0,data/processed/patches/masks/GW_R004_C004.tif,7fdd52bab5c2ad0e4ee7aa61da9cf99aee6dcbd79bad0a3da11c8f92754b0458,quality-mask-before-after-pair,patch_mask_generated,2026-07-16T05:40:11.236187+00:00
0.1.0,quality-mask-after-S2A_MSIL2A_20250315T051241_N0511_R019_T44QKE_20250315T113317,valid_pixel_mask,derived_from_sentinel2_scl,S2A_MSIL2A_20250315T051241_N0511_R019_T44QKE_20250315T113317,2025-03-15,Hyderabad Western Growth Corridor,EPSG:32644,10.0,data/processed/cloud_masks/after_valid_mask.tif,c045ecb55d78d5faa818e80e9b7002077f9ca0e0a97a139195192d2d7f0f3a93,aligned-after-S2A_MSIL2A_20250315T051241_N0511_R019_T44QKE_20250315T113317-SCL_20m,quality_mask_created,2026-07-16T05:34:05.519054+00:00
0.1.0,quality-mask-before-S2A_MSIL2A_20210314T050651_N0500_R019_T44QKE_20230528T183433,valid_pixel_mask,derived_from_sentinel2_scl,S2A_MSIL2A_20210314T050651_N0500_R019_T44QKE_20230528T183433,2021-03-14,Hyderabad Western Growth Corridor,EPSG:32644,10.0,data/processed/cloud_masks/before_valid_mask.tif,a5d2a667295fea5d24da3c2ac70a4f8969de571fa3431cbe0ad12508474157b7,aligned-before-S2A_MSIL2A_20210314T050651_N0500_R019_T44QKE_20230528T183433-SCL_20m,quality_mask_created,2026-07-16T05:34:05.519054+00:00
0.1.0,quality-mask-before-after-pair,paired_valid_pixel_mask,intersection_of_period_valid_masks,before_after_pair,,Hyderabad Western Growth Corridor,EPSG:32644,10.0,data/processed/cloud_masks/pair_valid_mask.tif,71d1e0689135857b5eecf3fc6c3f2e1034a8fda349a37176af98860733c3952d,aligned-before-S2A_MSIL2A_20210314T050651_N0500_R019_T44QKE_20230528T183433-SCL_20m;aligned-after-S2A_MSIL2A_20250315T051241_N0511_R019_T44QKE_20250315T113317-SCL_20m,paired_quality_mask_created,2026-07-16T05:34:05.519054+00:00
0.1.0,raw-after-S2A_MSIL2A_20250315T051241_N0511_R019_T44QKE_20250315T113317-B02_10m,raw_satellite_band,copernicus_data_space_s3,S2A_MSIL2A_20250315T051241_N0511_R019_T44QKE_20250315T113317,2025-03-15,Hyderabad Western Growth Corridor,,10,data/raw/after/S2A_MSIL2A_20250315T051241_N0511_R019_T44QKE_20250315T113317/T44QKE_20250315T051241_B02_10m.jp2,0cdef3ef745a3f4a19df76c4582047c7b1352c1e1e83902eb379b96ea079872f,selected_scene_pair,downloaded,2026-07-16T05:18:15.120688+00:00
0.1.0,raw-after-S2A_MSIL2A_20250315T051241_N0511_R019_T44QKE_20250315T113317-B03_10m,raw_satellite_band,copernicus_data_space_s3,S2A_MSIL2A_20250315T051241_N0511_R019_T44QKE_20250315T113317,2025-03-15,Hyderabad Western Growth Corridor,,10,data/raw/after/S2A_MSIL2A_20250315T051241_N0511_R019_T44QKE_20250315T113317/T44QKE_20250315T051241_B03_10m.jp2,fe12b12e7e64591172a65df1228a67efaa90f1f15560dde0a6afdb9690649270,selected_scene_pair,downloaded,2026-07-16T05:18:15.120688+00:00
0.1.0,raw-after-S2A_MSIL2A_20250315T051241_N0511_R019_T44QKE_20250315T113317-B04_10m,raw_satellite_band,copernicus_data_space_s3,S2A_MSIL2A_20250315T051241_N0511_R019_T44QKE_20250315T113317,2025-03-15,Hyderabad Western Growth Corridor,,10,data/raw/after/S2A_MSIL2A_20250315T051241_N0511_R019_T44QKE_20250315T113317/T44QKE_20250315T051241_B04_10m.jp2,e73f79029144b16635c91389070e68c3b757698471961d197a8a25130ac0a0e7,selected_scene_pair,downloaded,2026-07-16T05:18:15.120688+00:00
0.1.0,raw-after-S2A_MSIL2A_20250315T051241_N0511_R019_T44QKE_20250315T113317-B08_10m,raw_satellite_band,copernicus_data_space_s3,S2A_MSIL2A_20250315T051241_N0511_R019_T44QKE_20250315T113317,2025-03-15,Hyderabad Western Growth Corridor,,10,data/raw/after/S2A_MSIL2A_20250315T051241_N0511_R019_T44QKE_20250315T113317/T44QKE_20250315T051241_B08_10m.jp2,d09f371045f91a33feb0b5a84e8510115ae25e05fa6622a911fc413681789a6d,selected_scene_pair,downloaded,2026-07-16T05:18:15.120688+00:00
0.1.0,raw-after-S2A_MSIL2A_20250315T051241_N0511_R019_T44QKE_20250315T113317-B11_20m,raw_satellite_band,copernicus_data_space_s3,S2A_MSIL2A_20250315T051241_N0511_R019_T44QKE_20250315T113317,2025-03-15,Hyderabad Western Growth Corridor,,20,data/raw/after/S2A_MSIL2A_20250315T051241_N0511_R019_T44QKE_20250315T113317/T44QKE_20250315T051241_B11_20m.jp2,c6f5fb72877f241a602271a3075fa36e6753a7ef9a1a55b79176ae4215e45621,selected_scene_pair,downloaded,2026-07-16T05:18:15.120688+00:00
0.1.0,raw-after-S2A_MSIL2A_20250315T051241_N0511_R019_T44QKE_20250315T113317-B12_20m,raw_satellite_band,copernicus_data_space_s3,S2A_MSIL2A_20250315T051241_N0511_R019_T44QKE_20250315T113317,2025-03-15,Hyderabad Western Growth Corridor,,20,data/raw/after/S2A_MSIL2A_20250315T051241_N0511_R019_T44QKE_20250315T113317/T44QKE_20250315T051241_B12_20m.jp2,a05e94c9d314e123510be05e912e6e65babc8e750cd660837ef225aa31946a01,selected_scene_pair,downloaded,2026-07-16T05:18:15.120688+00:00
0.1.0,raw-after-S2A_MSIL2A_20250315T051241_N0511_R019_T44QKE_20250315T113317-SCL_20m,raw_satellite_band,copernicus_data_space_s3,S2A_MSIL2A_20250315T051241_N0511_R019_T44QKE_20250315T113317,2025-03-15,Hyderabad Western Growth Corridor,,20,data/raw/after/S2A_MSIL2A_20250315T051241_N0511_R019_T44QKE_20250315T113317/T44QKE_20250315T051241_SCL_20m.jp2,c640b1bcd0752244e6d8e88fd4d332be9dc4bc931c7e57e06f116f2cf5adc1f1,selected_scene_pair,downloaded,2026-07-16T05:18:15.120688+00:00
0.1.0,raw-before-S2A_MSIL2A_20210314T050651_N0500_R019_T44QKE_20230528T183433-B02_10m,raw_satellite_band,copernicus_data_space_s3,S2A_MSIL2A_20210314T050651_N0500_R019_T44QKE_20230528T183433,2021-03-14,Hyderabad Western Growth Corridor,,10,data/raw/before/S2A_MSIL2A_20210314T050651_N0500_R019_T44QKE_20230528T183433/T44QKE_20210314T050651_B02_10m.jp2,07e35deb1ae8080839be2b25249988a5a0f2376fbd20af7214b548fd31826795,selected_scene_pair,downloaded,2026-07-16T05:18:15.120688+00:00
0.1.0,raw-before-S2A_MSIL2A_20210314T050651_N0500_R019_T44QKE_20230528T183433-B03_10m,raw_satellite_band,copernicus_data_space_s3,S2A_MSIL2A_20210314T050651_N0500_R019_T44QKE_20230528T183433,2021-03-14,Hyderabad Western Growth Corridor,,10,data/raw/before/S2A_MSIL2A_20210314T050651_N0500_R019_T44QKE_20230528T183433/T44QKE_20210314T050651_B03_10m.jp2,aa21a1de07b38a4e19ed05a8cb8ac5fa7336c1b7460a7ee7cdacafbc48899401,selected_scene_pair,downloaded,2026-07-16T05:18:15.120688+00:00
0.1.0,raw-before-S2A_MSIL2A_20210314T050651_N0500_R019_T44QKE_20230528T183433-B04_10m,raw_satellite_band,copernicus_data_space_s3,S2A_MSIL2A_20210314T050651_N0500_R019_T44QKE_20230528T183433,2021-03-14,Hyderabad Western Growth Corridor,,10,data/raw/before/S2A_MSIL2A_20210314T050651_N0500_R019_T44QKE_20230528T183433/T44QKE_20210314T050651_B04_10m.jp2,5c8d6b257612877670cf94de094a8dc07e9de1b452ce30da04681a1b587fda95,selected_scene_pair,downloaded,2026-07-16T05:18:15.120688+00:00
0.1.0,raw-before-S2A_MSIL2A_20210314T050651_N0500_R019_T44QKE_20230528T183433-B08_10m,raw_satellite_band,copernicus_data_space_s3,S2A_MSIL2A_20210314T050651_N0500_R019_T44QKE_20230528T183433,2021-03-14,Hyderabad Western Growth Corridor,,10,data/raw/before/S2A_MSIL2A_20210314T050651_N0500_R019_T44QKE_20230528T183433/T44QKE_20210314T050651_B08_10m.jp2,e19e7b27dc5b367ea397a45bf7c2fd43085fcf4bbfd5a6a1fee50f4cb3e10582,selected_scene_pair,downloaded,2026-07-16T05:18:15.120688+00:00
0.1.0,raw-before-S2A_MSIL2A_20210314T050651_N0500_R019_T44QKE_20230528T183433-B11_20m,raw_satellite_band,copernicus_data_space_s3,S2A_MSIL2A_20210314T050651_N0500_R019_T44QKE_20230528T183433,2021-03-14,Hyderabad Western Growth Corridor,,20,data/raw/before/S2A_MSIL2A_20210314T050651_N0500_R019_T44QKE_20230528T183433/T44QKE_20210314T050651_B11_20m.jp2,4e816b01b06936d7e03b5ae662a4796dc5c22fd324bf7c893925d3609b8575e4,selected_scene_pair,downloaded,2026-07-16T05:18:15.120688+00:00
0.1.0,raw-before-S2A_MSIL2A_20210314T050651_N0500_R019_T44QKE_20230528T183433-B12_20m,raw_satellite_band,copernicus_data_space_s3,S2A_MSIL2A_20210314T050651_N0500_R019_T44QKE_20230528T183433,2021-03-14,Hyderabad Western Growth Corridor,,20,data/raw/before/S2A_MSIL2A_20210314T050651_N0500_R019_T44QKE_20230528T183433/T44QKE_20210314T050651_B12_20m.jp2,ee3c24417b4379ea10ad67113d3eee2cbe9a65028208daf76744b1a109e7554f,selected_scene_pair,downloaded,2026-07-16T05:18:15.120688+00:00
0.1.0,raw-before-S2A_MSIL2A_20210314T050651_N0500_R019_T44QKE_20230528T183433-SCL_20m,raw_satellite_band,copernicus_data_space_s3,S2A_MSIL2A_20210314T050651_N0500_R019_T44QKE_20230528T183433,2021-03-14,Hyderabad Western Growth Corridor,,20,data/raw/before/S2A_MSIL2A_20210314T050651_N0500_R019_T44QKE_20230528T183433/T44QKE_20210314T050651_SCL_20m.jp2,7f22903a7d25a783bfec76b9cbc4b4bed098fdc830e0a678ff83195d77ee4a97,selected_scene_pair,downloaded,2026-07-16T05:18:15.120688+00:00
